{
  "backend/main.mo": "Main actor defining the freelancer hiring platform backend with types for profiles, projects, applications, messages, and notifications, plus functions for user approval, profile management, project CRUD, application handling, messaging, and admin operations with role-based access control.",
  "feature_evidence.json": "Feature evidence report documenting implemented features including user registration with Internet Identity, freelancer profile management, project posting, application system, and admin interfaces, mapping them to files, components, and test IDs.",
  "frontend-file-summaries.txt": "JSON-formatted summaries of all frontend files including pages, components, and hooks for the freelancer hiring platform with React, TanStack Router, and React Query.",
  "frontend/index.css": "Tailwind CSS configuration with custom CSS variables for light and dark themes defining colors for UI elements like background, foreground, primary, secondary, muted, accent, destructive, borders, and charts.",
  "frontend/index.html": "HTML entry point for the Freelancer Hiring Web Portal application with root div and module script reference to main.tsx.",
  "frontend/src/App.tsx": "Main React application component setting up TanStack Router with all routes (landing, profile, projects, applications, messages, admin, notifications), authentication checks, and profile setup modal trigger logic.",
  "frontend/src/components/AccessDenied.tsx": "Access denied page component displaying a shield alert icon, error message, and button to return home for unauthorized users.",
  "frontend/src/components/Layout.tsx": "Main layout wrapper component with sticky header containing logo, navigation, notification bell, login button, and footer with social links and caffeine.ai attribution.",
  "frontend/src/components/LoginButton.tsx": "A button component that toggles between login and logout states using Internet Identity, with loading states and error handling for authentication conflicts.",
  "frontend/src/components/Navigation.tsx": "Responsive navigation component with desktop and mobile (sheet) layouts, displaying context-aware menu items based on user role and admin status.",
  "frontend/src/components/NotificationBell.tsx": "A bell icon button with popover that displays notifications, shows unread count badge, and allows marking notifications as read.",
  "frontend/src/components/ProfileSetupModal.tsx": "A modal dialog that prompts new users to create their profile with name and bio fields, creating a FreelancerProfile on submission.",
  "frontend/src/components/ProjectCard.tsx": "A clickable card component displaying project summary information including title, description, status badge, skills, budget, and timeline.",
  "frontend/src/hooks/useActor.ts": "Hook that creates and manages the backend actor instance with authentication, initializing access control and invalidating dependent queries on identity changes.",
  "frontend/src/hooks/useGetCallerUserProfile.ts": "React Query hook that fetches the current authenticated user's FreelancerProfile from the backend actor.",
  "frontend/src/hooks/useInternetIdentity.ts": "Context provider and hook for Internet Identity authentication, managing login/logout flow, identity state, and AuthClient lifecycle with configurable options.",
  "frontend/src/hooks/useQueries.ts": "Collection of React Query hooks for fetching and mutating backend data including user roles, freelancers, projects, applications, messages, and notifications with cache invalidation.",
  "frontend/src/hooks/useSaveCallerUserProfile.ts": "React Query mutation hook that saves the current user's FreelancerProfile and invalidates the profile cache on success.",
  "frontend/src/index.css": "Global CSS file that imports Inter font and Tailwind CSS, defines CSS custom properties for light/dark theme colors (background, foreground, primary, secondary, etc.), and sets base styles for typography and body elements.",
  "frontend/src/main.tsx": "Application entry point that renders the React app with QueryClientProvider for data fetching and InternetIdentityProvider for authentication context.",
  "frontend/src/pages/AdminDashboard.tsx": "Admin dashboard page that displays analytics cards (total projects, applications, users) with access control checking if the caller is an admin.",
  "frontend/src/pages/AdminProjectMonitoring.tsx": "Admin page for monitoring all projects in the system with access control; currently shows placeholder UI for empty project list.",
  "frontend/src/pages/AdminUserManagement.tsx": "Admin page for managing user approvals with a table showing user principals, approval status badges, and approve/reject action buttons.",
  "frontend/src/pages/BrowseProjects.tsx": "Public page for browsing available projects with a search input; currently displays placeholder UI for empty project list.",
  "frontend/src/pages/ClientProjects.tsx": "Client dashboard page showing user's posted projects with a button to create new projects; displays placeholder UI when no projects exist.",
  "frontend/src/pages/Conversation.tsx": "Messaging page for viewing conversation threads between project participants using projectId and participantId route parameters; currently shows loading placeholder.",
  "frontend/src/pages/CreateProject.tsx": "Form page for creating new projects with fields for title, description, budget, timeline, and required skills; handles form submission and navigation on success.",
  "frontend/src/pages/FreelancerProfile.tsx": "Freelancer profile page with view/edit modes for managing bio, skills, portfolio links, hourly rate, experience years, and profile picture; includes add/remove functionality for skills and links.",
  "frontend/src/pages/Landing.tsx": "Landing page component that displays hero section with login button, features grid showcasing platform benefits, and redirects authenticated users with profiles to /projects.",
  "frontend/src/pages/Messages.tsx": "Messages page displaying a placeholder card for conversations between clients and freelancers with an empty state message.",
  "frontend/src/pages/MyApplications.tsx": "My Applications page showing a placeholder card for tracking project applications with an empty state message.",
  "frontend/src/pages/Notifications.tsx": "Notifications page that fetches and displays user notifications, separating unread and read items with ability to mark notifications as read.",
  "frontend/src/pages/ProjectApplications.tsx": "Project Applications page for reviewing freelancer applications to a specific project, currently showing placeholder content with empty state.",
  "frontend/src/pages/ProjectDetails.tsx": "Project Details page that displays complete information for a specific project identified by projectId route parameter, currently showing loading placeholder.",
  "frontend/src/pages/SearchFreelancers.tsx": "Search Freelancers page with filter sidebar (search term, min/max hourly rate) and results grid that fetches and displays all freelancers.",
  "frontend/src/utils/urlParams.ts": "Utility module for extracting and managing URL parameters from both regular query strings and hash-based routing, with sessionStorage persistence support.",
  "frontend/tailwind.config.js": "Tailwind CSS configuration defining custom color palette using OKLCH color space (teal, amber themes), container settings, border radius variables, and extended utilities.",
  "project_state.json": "Project state file defining a full-stack freelancer hiring portal with three user roles (Admin, Client, Freelancer), featuring authentication, project posting/application management, messaging, and admin analytics. Tracks 10 implemented features including user registration, freelancer profiles, project management, messaging system, and admin dashboard with analytics."
}