{
  "kind": "build_request",
  "title": "Build Freelancer Hiring Web Portal with Role-Based Authentication",
  "projectName": "Freelance Connect",
  "priority": "normal",
  "requirements": [
    {
      "id": "REQ-1",
      "text": "Implement user registration and login system with three distinct roles: Admin, Client, and Freelancer, using Internet Identity for authentication",
      "target": "both",
      "source": {
        "messageIds": [
          "msg-2"
        ],
        "quotes": [
          "Secure user registration and login",
          "Role-based access (Admin, Client, Freelancer)"
        ]
      },
      "acceptanceCriteria": [
        "Users can register by selecting a role (Admin, Client, or Freelancer)",
        "Users can authenticate using Internet Identity",
        "Backend stores user profiles with role information",
        "Role information is persisted and retrievable after login"
      ]
    },
    {
      "id": "REQ-2",
      "text": "Create Freelancer profile management with fields for skills (array), years of experience, portfolio links (array), hourly rate, bio, and profile picture URL",
      "target": "both",
      "source": {
        "messageIds": [
          "msg-2"
        ],
        "quotes": [
          "Freelancer profile creation (skills, experience, portfolio, hourly rate)",
          "Upload profile picture and portfolio links"
        ]
      },
      "acceptanceCriteria": [
        "Freelancers can create and edit their profiles with all specified fields",
        "Skills are stored as an array of strings",
        "Portfolio links are stored as an array of URLs",
        "Profile picture URL is stored and displayed",
        "Hourly rate is stored as a numeric value",
        "Profile data is retrievable and updateable"
      ]
    },
    {
      "id": "REQ-3",
      "text": "Build project posting system for Clients with fields for project title, description, budget, timeline (start and end dates), required skills (array), and project status",
      "target": "both",
      "source": {
        "messageIds": [
          "msg-2"
        ],
        "quotes": [
          "Post new projects with title, description, budget, timeline, and required skills"
        ]
      },
      "acceptanceCriteria": [
        "Clients can create new projects with all required fields",
        "Projects are stored with unique IDs",
        "Required skills are stored as an array",
        "Timeline includes start and end dates",
        "Projects have status field (default: Open)",
        "Clients can view their posted projects"
      ]
    },
    {
      "id": "REQ-4",
      "text": "Implement project application system where Freelancers can view available projects, apply to projects, and track their application status (Pending, Shortlisted, Accepted, Rejected), with duplicate application prevention",
      "target": "both",
      "source": {
        "messageIds": [
          "msg-2"
        ],
        "quotes": [
          "View and apply for available projects",
          "Track application status",
          "Prevent duplicate applications"
        ]
      },
      "acceptanceCriteria": [
        "Freelancers can browse all Open projects",
        "Freelancers can submit applications to projects",
        "System prevents duplicate applications from the same freelancer to the same project",
        "Applications have status tracking (Pending, Shortlisted, Accepted, Rejected)",
        "Freelancers can view all their applications with current status",
        "Application includes freelancer ID and project ID"
      ]
    },
    {
      "id": "REQ-5",
      "text": "Create application management interface for Clients to view all applications for their projects, and update application status to Shortlisted, Accepted, or Rejected",
      "target": "both",
      "source": {
        "messageIds": [
          "msg-2"
        ],
        "quotes": [
          "View freelancer applications",
          "Shortlist, accept, or reject freelancers"
        ]
      },
      "acceptanceCriteria": [
        "Clients can view all applications for each of their projects",
        "Application list displays freelancer profile information",
        "Clients can change application status to Shortlisted, Accepted, or Rejected",
        "Status changes are persisted and reflected in freelancer's application tracking"
      ]
    },
    {
      "id": "REQ-6",
      "text": "Build messaging system enabling Clients and Freelancers to exchange messages with conversation threading by project",
      "target": "both",
      "source": {
        "messageIds": [
          "msg-2"
        ],
        "quotes": [
          "Chat or message freelancers"
        ]
      },
      "acceptanceCriteria": [
        "Clients can send messages to Freelancers who applied to their projects",
        "Freelancers can send messages to Clients for projects they applied to",
        "Messages are organized by conversation (Client-Freelancer-Project combination)",
        "Users can view conversation history",
        "Messages include sender ID, recipient ID, project ID, timestamp, and content"
      ]
    },
    {
      "id": "REQ-7",
      "text": "Create Admin dashboard displaying system analytics including total users by role, total projects by status, and total applications",
      "target": "both",
      "source": {
        "messageIds": [
          "msg-2"
        ],
        "quotes": [
          "Admin dashboard with system analytics"
        ]
      },
      "acceptanceCriteria": [
        "Admin can view count of total users broken down by role",
        "Admin can view count of projects broken down by status",
        "Admin can view total number of applications",
        "Dashboard displays aggregated statistics in a clear layout"
      ]
    },
    {
      "id": "REQ-8",
      "text": "Implement Admin user management to view all Clients and Freelancers, and approve or block user accounts",
      "target": "both",
      "source": {
        "messageIds": [
          "msg-2"
        ],
        "quotes": [
          "Manage users (clients and freelancers)",
          "Approve or block accounts"
        ]
      },
      "acceptanceCriteria": [
        "Admin can view list of all Clients with profile details",
        "Admin can view list of all Freelancers with profile details",
        "Each user account has an active/blocked status field",
        "Admin can toggle user accounts between active and blocked states",
        "Blocked users cannot perform role-specific actions"
      ]
    },
    {
      "id": "REQ-9",
      "text": "Build Admin project monitoring interface to view all projects with details and applications",
      "target": "both",
      "source": {
        "messageIds": [
          "msg-2"
        ],
        "quotes": [
          "Monitor projects and applications"
        ]
      },
      "acceptanceCriteria": [
        "Admin can view list of all projects across all Clients",
        "Project list displays title, Client, status, and application count",
        "Admin can view applications for any project",
        "Interface provides filtering or search capabilities"
      ]
    },
    {
      "id": "REQ-10",
      "text": "Implement project status management with three states (Open, In Progress, Completed) and the ability to assign accepted Freelancers to projects, updating status from Open to In Progress upon assignment",
      "target": "both",
      "source": {
        "messageIds": [
          "msg-2"
        ],
        "quotes": [
          "Project status: Open, In Progress, Completed",
          "Assign freelancers to projects"
        ]
      },
      "acceptanceCriteria": [
        "Projects support three status values: Open, In Progress, Completed",
        "When a Client accepts an application, the Freelancer is assigned to the project",
        "Project status automatically changes from Open to In Progress when a Freelancer is assigned",
        "Clients can manually update project status to Completed",
        "Assigned Freelancer ID is stored with the project"
      ]
    },
    {
      "id": "REQ-11",
      "text": "Create Freelancer search and filter system supporting filtering by skills (multi-select), minimum/maximum hourly rate range, and sorting by rating",
      "target": "both",
      "source": {
        "messageIds": [
          "msg-2"
        ],
        "quotes": [
          "Search and filter freelancers by skills, rating, and budget"
        ]
      },
      "acceptanceCriteria": [
        "Users can filter Freelancers by selecting one or more skills",
        "Users can set minimum and maximum hourly rate to filter results",
        "Users can sort Freelancers by rating (add rating field to Freelancer profile if not present)",
        "Search returns only Freelancers matching all active filters",
        "Filtered results display relevant Freelancer profile information"
      ]
    },
    {
      "id": "REQ-12",
      "text": "Build notification system that creates notifications for Freelancers when their application status changes, and for Clients when they receive new applications",
      "target": "both",
      "source": {
        "messageIds": [
          "msg-2"
        ],
        "quotes": [
          "Notifications for project updates"
        ]
      },
      "acceptanceCriteria": [
        "Notifications are created when Freelancer application status changes from Pending",
        "Notifications are created when a Client receives a new application",
        "Each notification includes user ID, message text, timestamp, and read/unread status",
        "Users can view their notifications in the UI",
        "Users can mark notifications as read"
      ]
    },
    {
      "id": "REQ-13",
      "text": "Design responsive UI with mobile-first approach using Tailwind CSS, ensuring all features work seamlessly on mobile, tablet, and desktop viewports",
      "target": "frontend",
      "source": {
        "messageIds": [
          "msg-2"
        ],
        "quotes": [
          "Responsive UI for mobile and desktop"
        ]
      },
      "acceptanceCriteria": [
        "All pages and components are fully responsive",
        "UI adapts gracefully to mobile (320px+), tablet (768px+), and desktop (1024px+) breakpoints",
        "Navigation is mobile-friendly (hamburger menu on small screens)",
        "Forms and data tables are usable on mobile devices",
        "Touch targets are appropriately sized for mobile interaction"
      ]
    },
    {
      "id": "REQ-14",
      "text": "Create a cohesive visual design system with a professional, modern aesthetic suitable for a freelance marketplace, using a warm color palette with teal and amber accents, clean typography with Inter font family, and consistent spacing and component styling throughout the application",
      "target": "frontend",
      "source": {
        "messageIds": [
          "msg-2"
        ]
      },
      "acceptanceCriteria": [
        "Application uses a consistent color scheme with primary (teal), secondary (amber), and neutral colors",
        "Typography uses Inter font family with a clear hierarchy (headings, body, captions)",
        "Components share consistent border radius, shadows, and spacing values",
        "Interactive elements have clear hover, active, and focus states",
        "Design conveys professionalism and trustworthiness appropriate for a hiring platform"
      ]
    }
  ],
  "constraints": [
    "Backend must use Motoko with single-actor architecture in backend/main.mo",
    "Frontend must use React with TypeScript, Tailwind CSS, and shadcn/ui components",
    "Authentication must use Internet Identity, not JWT or external auth providers",
    "Do not modify frontend/src/hooks/useInternetIdentity.ts, frontend/src/hooks/useActor.ts, frontend/src/main.tsx, or frontend/src/components/ui",
    "Do not use Node.js, Express, Java Spring Boot, MongoDB, MySQL, or external databases",
    "All data persistence must be handled through Motoko stable variables",
    "Real-time chat features are not supported; implement asynchronous messaging instead"
  ],
  "nonGoals": [
    "Payment processing or escrow functionality",
    "Real-time WebSocket-based chat",
    "File upload to external storage services",
    "Email notifications via SMTP or third-party services",
    "Integration with external freelance platforms",
    "Video conferencing or screen sharing",
    "Advanced analytics with charts and graphs beyond basic statistics",
    "Multi-language internationalization"
  ],
  "imageRequirements": {
    "required": [
      "Professional hero background image showing diverse freelancers collaborating, modern workspace aesthetic with warm lighting (hero-bg.dim_1920x600.png)",
      "Platform logo icon featuring stylized handshake or connection symbol in teal color (logo-icon.dim_256x256.png)",
      "Default avatar placeholder with professional silhouette on neutral background (default-avatar.dim_200x200.png)"
    ],
    "edits": []
  }
}