{
  "kind": "coverage_report",
  "version": "1.0",
  "generatedAt": "2026-02-23T11:36:29.648Z",
  "sources": {
    "buildRequest": true,
    "implementationPlan": true
  },
  "requirements": {
    "total": 14,
    "implemented": 14,
    "items": [
      {
        "id": "REQ-1",
        "summary": "Implement user registration and login system with three distinct roles: Admin, Client, and Freelancer, using Internet Identity for authentication",
        "status": "implemented",
        "plannedFiles": [
          "frontend/src/components/ProfileSetupModal.tsx",
          "frontend/src/components/LoginButton.tsx",
          "frontend/src/hooks/useGetCallerUserProfile.ts",
          "frontend/src/hooks/useSaveCallerUserProfile.ts",
          "frontend/src/App.tsx"
        ],
        "matchedFiles": [
          "frontend/src/components/ProfileSetupModal.tsx",
          "frontend/src/components/LoginButton.tsx",
          "frontend/src/hooks/useGetCallerUserProfile.ts",
          "frontend/src/hooks/useSaveCallerUserProfile.ts",
          "frontend/src/App.tsx"
        ]
      },
      {
        "id": "REQ-10",
        "summary": "Implement project status management with three states (Open, In Progress, Completed) and the ability to assign accepted Freelancers to projects, updating status from Open to In Progress upon assignment",
        "status": "implemented",
        "plannedFiles": [
          "frontend/src/pages/ProjectDetails.tsx",
          "frontend/src/components/ProjectStatusBadge.tsx",
          "frontend/src/App.tsx"
        ],
        "matchedFiles": [
          "frontend/src/pages/ProjectDetails.tsx",
          "frontend/src/App.tsx"
        ]
      },
      {
        "id": "REQ-11",
        "summary": "Create Freelancer search and filter system supporting filtering by skills (multi-select), minimum/maximum hourly rate range, and sorting by rating",
        "status": "implemented",
        "plannedFiles": [
          "frontend/src/pages/SearchFreelancers.tsx",
          "frontend/src/components/FreelancerCard.tsx",
          "frontend/src/components/FreelancerFilters.tsx",
          "frontend/src/App.tsx"
        ],
        "matchedFiles": [
          "frontend/src/pages/SearchFreelancers.tsx",
          "frontend/src/App.tsx"
        ]
      },
      {
        "id": "REQ-12",
        "summary": "Build notification system that creates notifications for Freelancers when their application status changes, and for Clients when they receive new applications",
        "status": "implemented",
        "plannedFiles": [
          "frontend/src/components/NotificationBell.tsx",
          "frontend/src/hooks/useNotifications.ts",
          "frontend/src/hooks/useMarkNotificationAsRead.ts",
          "frontend/src/pages/Notifications.tsx",
          "frontend/src/App.tsx"
        ],
        "matchedFiles": [
          "frontend/src/components/NotificationBell.tsx",
          "frontend/src/pages/Notifications.tsx",
          "frontend/src/App.tsx"
        ]
      },
      {
        "id": "REQ-13",
        "summary": "Design responsive UI with mobile-first approach using Tailwind CSS, ensuring all features work seamlessly on mobile, tablet, and desktop viewports",
        "status": "implemented",
        "plannedFiles": [
          "frontend/src/components/Layout.tsx",
          "frontend/src/components/Navigation.tsx",
          "frontend/src/components/MobileMenu.tsx",
          "frontend/src/App.tsx"
        ],
        "matchedFiles": [
          "frontend/src/components/Layout.tsx",
          "frontend/src/components/Navigation.tsx",
          "frontend/src/App.tsx"
        ]
      },
      {
        "id": "REQ-14",
        "summary": "Create a cohesive visual design system with a professional, modern aesthetic suitable for a freelance marketplace, using a warm color palette with teal and amber accents, clean typography with Inter font family, and consistent spacing and component styling throughout the application",
        "status": "implemented",
        "plannedFiles": [
          "frontend/src/index.css",
          "frontend/tailwind.config.js",
          "frontend/src/components/HeroSection.tsx",
          "frontend/src/pages/Landing.tsx",
          "frontend/src/App.tsx"
        ],
        "matchedFiles": [
          "frontend/src/index.css",
          "frontend/tailwind.config.js",
          "frontend/src/pages/Landing.tsx",
          "frontend/src/App.tsx"
        ]
      },
      {
        "id": "REQ-2",
        "summary": "Create Freelancer profile management with fields for skills (array), years of experience, portfolio links (array), hourly rate, bio, and profile picture URL",
        "status": "implemented",
        "plannedFiles": [
          "frontend/src/pages/FreelancerProfile.tsx",
          "frontend/src/components/FreelancerProfileForm.tsx",
          "frontend/src/components/SkillsInput.tsx",
          "frontend/src/components/PortfolioLinksInput.tsx",
          "frontend/src/App.tsx"
        ],
        "matchedFiles": [
          "frontend/src/pages/FreelancerProfile.tsx",
          "frontend/src/App.tsx"
        ]
      },
      {
        "id": "REQ-3",
        "summary": "Build project posting system for Clients with fields for project title, description, budget, timeline (start and end dates), required skills (array), and project status",
        "status": "implemented",
        "plannedFiles": [
          "frontend/src/pages/CreateProject.tsx",
          "frontend/src/hooks/useCreateProject.ts",
          "frontend/src/pages/ClientProjects.tsx",
          "frontend/src/components/ProjectCard.tsx",
          "frontend/src/App.tsx"
        ],
        "matchedFiles": [
          "frontend/src/pages/CreateProject.tsx",
          "frontend/src/pages/ClientProjects.tsx",
          "frontend/src/components/ProjectCard.tsx",
          "frontend/src/App.tsx"
        ]
      },
      {
        "id": "REQ-4",
        "summary": "Implement project application system where Freelancers can view available projects, apply to projects, and track their application status (Pending, Shortlisted, Accepted, Rejected), with duplicate application prevention",
        "status": "implemented",
        "plannedFiles": [
          "frontend/src/pages/BrowseProjects.tsx",
          "frontend/src/hooks/useApplyToProject.ts",
          "frontend/src/pages/MyApplications.tsx",
          "frontend/src/components/ApplicationStatusBadge.tsx",
          "frontend/src/App.tsx"
        ],
        "matchedFiles": [
          "frontend/src/pages/BrowseProjects.tsx",
          "frontend/src/pages/MyApplications.tsx",
          "frontend/src/App.tsx"
        ]
      },
      {
        "id": "REQ-5",
        "summary": "Create application management interface for Clients to view all applications for their projects, and update application status to Shortlisted, Accepted, or Rejected",
        "status": "implemented",
        "plannedFiles": [
          "frontend/src/pages/ProjectApplications.tsx",
          "frontend/src/hooks/useUpdateApplicationStatus.ts",
          "frontend/src/components/ApplicationList.tsx",
          "frontend/src/App.tsx"
        ],
        "matchedFiles": [
          "frontend/src/pages/ProjectApplications.tsx",
          "frontend/src/App.tsx"
        ]
      },
      {
        "id": "REQ-6",
        "summary": "Build messaging system enabling Clients and Freelancers to exchange messages with conversation threading by project",
        "status": "implemented",
        "plannedFiles": [
          "frontend/src/pages/Messages.tsx",
          "frontend/src/pages/Conversation.tsx",
          "frontend/src/hooks/useSendMessage.ts",
          "frontend/src/components/MessageThread.tsx",
          "frontend/src/components/MessageInput.tsx",
          "frontend/src/App.tsx"
        ],
        "matchedFiles": [
          "frontend/src/pages/Messages.tsx",
          "frontend/src/pages/Conversation.tsx",
          "frontend/src/App.tsx"
        ]
      },
      {
        "id": "REQ-7",
        "summary": "Create Admin dashboard displaying system analytics including total users by role, total projects by status, and total applications",
        "status": "implemented",
        "plannedFiles": [
          "frontend/src/pages/AdminDashboard.tsx",
          "frontend/src/components/StatCard.tsx",
          "frontend/src/components/AccessDenied.tsx",
          "frontend/src/App.tsx"
        ],
        "matchedFiles": [
          "frontend/src/pages/AdminDashboard.tsx",
          "frontend/src/components/AccessDenied.tsx",
          "frontend/src/App.tsx"
        ]
      },
      {
        "id": "REQ-8",
        "summary": "Implement Admin user management to view all Clients and Freelancers, and approve or block user accounts",
        "status": "implemented",
        "plannedFiles": [
          "frontend/src/pages/AdminUserManagement.tsx",
          "frontend/src/hooks/useSetApproval.ts",
          "frontend/src/components/UserTable.tsx",
          "frontend/src/App.tsx"
        ],
        "matchedFiles": [
          "frontend/src/pages/AdminUserManagement.tsx",
          "frontend/src/App.tsx"
        ]
      },
      {
        "id": "REQ-9",
        "summary": "Build Admin project monitoring interface to view all projects with details and applications",
        "status": "implemented",
        "plannedFiles": [
          "frontend/src/pages/AdminProjectMonitoring.tsx",
          "frontend/src/components/ProjectTable.tsx",
          "frontend/src/App.tsx"
        ],
        "matchedFiles": [
          "frontend/src/pages/AdminProjectMonitoring.tsx",
          "frontend/src/App.tsx"
        ]
      }
    ]
  },
  "changedFiles": [
    "backend/authorization/MixinAuthorization.mo",
    "backend/authorization/access-control.mo",
    "backend/main.mo",
    "backend/user-approval/approval.mo",
    "build-request.json",
    "build-template/Dockerfile",
    "build-template/LICENSE",
    "build-template/README.md",
    "build-template/deploy.sh",
    "build-template/icp.yaml",
    "build-template/package.json",
    "build-template/pnpm-lock.yaml",
    "build-template/pnpm-workspace.yaml",
    "build-template/scripts/prune-unused-images.js",
    "build-template/scripts/resize-images.js",
    "build-template/src/backend/canister.yaml",
    "build-template/src/backend/system-idl/aaaaa-aa.did",
    "build-template/src/frontend/canister.yaml",
    "build-template/src/frontend/components.json",
    "build-template/src/frontend/env.json",
    "build-template/src/frontend/eslint-rules/no-bigint-in-query-keys.js",
    "build-template/src/frontend/eslint-rules/require-internet-identity-provider.js",
    "build-template/src/frontend/eslint.config.js",
    "build-template/src/frontend/package.json",
    "build-template/src/frontend/postcss.config.js",
    "build-template/src/frontend/src/components/ui/accordion.tsx",
    "build-template/src/frontend/src/components/ui/alert-dialog.tsx",
    "build-template/src/frontend/src/components/ui/alert.tsx",
    "build-template/src/frontend/src/components/ui/aspect-ratio.tsx",
    "build-template/src/frontend/src/components/ui/avatar.tsx",
    "build-template/src/frontend/src/components/ui/badge.tsx",
    "build-template/src/frontend/src/components/ui/breadcrumb.tsx",
    "build-template/src/frontend/src/components/ui/button.tsx",
    "build-template/src/frontend/src/components/ui/calendar.tsx",
    "build-template/src/frontend/src/components/ui/card.tsx",
    "build-template/src/frontend/src/components/ui/carousel.tsx",
    "build-template/src/frontend/src/components/ui/chart.tsx",
    "build-template/src/frontend/src/components/ui/checkbox.tsx",
    "build-template/src/frontend/src/components/ui/collapsible.tsx",
    "build-template/src/frontend/src/components/ui/command.tsx",
    "build-template/src/frontend/src/components/ui/context-menu.tsx",
    "build-template/src/frontend/src/components/ui/dialog.tsx",
    "build-template/src/frontend/src/components/ui/drawer.tsx",
    "build-template/src/frontend/src/components/ui/dropdown-menu.tsx",
    "build-template/src/frontend/src/components/ui/form.tsx",
    "build-template/src/frontend/src/components/ui/hover-card.tsx",
    "build-template/src/frontend/src/components/ui/input-otp.tsx",
    "build-template/src/frontend/src/components/ui/input.tsx",
    "build-template/src/frontend/src/components/ui/label.tsx",
    "build-template/src/frontend/src/components/ui/menubar.tsx",
    "build-template/src/frontend/src/components/ui/navigation-menu.tsx",
    "build-template/src/frontend/src/components/ui/pagination.tsx",
    "build-template/src/frontend/src/components/ui/popover.tsx",
    "build-template/src/frontend/src/components/ui/progress.tsx",
    "build-template/src/frontend/src/components/ui/radio-group.tsx",
    "build-template/src/frontend/src/components/ui/resizable.tsx",
    "build-template/src/frontend/src/components/ui/scroll-area.tsx",
    "build-template/src/frontend/src/components/ui/select.tsx",
    "build-template/src/frontend/src/components/ui/separator.tsx",
    "build-template/src/frontend/src/components/ui/sheet.tsx",
    "build-template/src/frontend/src/components/ui/sidebar.tsx",
    "build-template/src/frontend/src/components/ui/skeleton.tsx",
    "build-template/src/frontend/src/components/ui/slider.tsx",
    "build-template/src/frontend/src/components/ui/sonner.tsx",
    "build-template/src/frontend/src/components/ui/switch.tsx",
    "build-template/src/frontend/src/components/ui/table.tsx",
    "build-template/src/frontend/src/components/ui/tabs.tsx",
    "build-template/src/frontend/src/components/ui/textarea.tsx",
    "build-template/src/frontend/src/components/ui/toggle-group.tsx",
    "build-template/src/frontend/src/components/ui/toggle.tsx",
    "build-template/src/frontend/src/components/ui/tooltip.tsx",
    "build-template/src/frontend/src/hooks/use-mobile.tsx",
    "build-template/src/frontend/src/lib/utils.ts",
    "build-template/src/frontend/tsconfig.json",
    "build-template/src/frontend/vite.config.js",
    "build-template/tsconfig.json",
    "caffeine.lock.json",
    "feature_evidence.json",
    "frontend-file-summaries.txt",
    "frontend-implementation-plan.json",
    "frontend/index.css",
    "frontend/index.html",
    "frontend/public/assets/generated/default-avatar.dim_200x200.png",
    "frontend/public/assets/generated/hero-bg.dim_1920x600.png",
    "frontend/public/assets/generated/logo-icon.dim_256x256.png",
    "frontend/src/App.tsx",
    "frontend/src/backend.d.ts",
    "frontend/src/backend.ts",
    "frontend/src/components/AccessDenied.tsx",
    "frontend/src/components/Layout.tsx",
    "frontend/src/components/LoginButton.tsx",
    "frontend/src/components/Navigation.tsx",
    "frontend/src/components/NotificationBell.tsx",
    "frontend/src/components/ProfileSetupModal.tsx",
    "frontend/src/components/ProjectCard.tsx",
    "frontend/src/config.ts",
    "frontend/src/declarations/backend.did.d.ts",
    "frontend/src/declarations/backend.did.js",
    "frontend/src/hooks/useActor.ts",
    "frontend/src/hooks/useGetCallerUserProfile.ts",
    "frontend/src/hooks/useInternetIdentity.ts",
    "frontend/src/hooks/useQueries.ts",
    "frontend/src/hooks/useSaveCallerUserProfile.ts",
    "frontend/src/index.css",
    "frontend/src/main.tsx",
    "frontend/src/pages/AdminDashboard.tsx",
    "frontend/src/pages/AdminProjectMonitoring.tsx",
    "frontend/src/pages/AdminUserManagement.tsx",
    "frontend/src/pages/BrowseProjects.tsx",
    "frontend/src/pages/ClientProjects.tsx",
    "frontend/src/pages/Conversation.tsx",
    "frontend/src/pages/CreateProject.tsx",
    "frontend/src/pages/FreelancerProfile.tsx",
    "frontend/src/pages/Landing.tsx",
    "frontend/src/pages/Messages.tsx",
    "frontend/src/pages/MyApplications.tsx",
    "frontend/src/pages/Notifications.tsx",
    "frontend/src/pages/ProjectApplications.tsx",
    "frontend/src/pages/ProjectDetails.tsx",
    "frontend/src/pages/SearchFreelancers.tsx",
    "frontend/src/ui-summary.json",
    "frontend/src/utils/StorageClient.ts",
    "frontend/src/utils/urlParams.ts",
    "frontend/tailwind.config.js",
    "project_state.json",
    "scratch/component-selection.json",
    "spec.md",
    "spec_vs_diff_report.json"
  ]
}