{
  "kind": "implementation_plan",
  "version": "1.0",
  "title": "Freelance Connect - Frontend Implementation Plan",
  "requirements": [
    {
      "id": "REQ-1",
      "summary": "Implement user registration and role selection with Internet Identity authentication flow",
      "acceptanceCriteria": [
        "Users can register by selecting a role (Admin, Client, or Freelancer)",
        "Users can authenticate using Internet Identity",
        "Role information is persisted and retrievable after login"
      ],
      "file_operations": [
        {
          "path": "frontend/src/components/ProfileSetupModal.tsx",
          "operation": "create",
          "description": "Create modal component for first-time user registration that prompts for name and role selection (Admin/Client/Freelancer). Use the authorization component's getCallerUserProfile and saveCallerUserProfile methods. Prevent modal flash by checking isFetched status. Include form validation and submit handling."
        },
        {
          "path": "frontend/src/components/LoginButton.tsx",
          "operation": "create",
          "description": "Create login/logout button component using the authorization component's Internet Identity integration. Follow the component's login example including error handling for 'User is already authenticated'. Clear query cache on logout using queryClient.clear()."
        },
        {
          "path": "frontend/src/hooks/useGetCallerUserProfile.ts",
          "operation": "create",
          "description": "Create custom hook that wraps getCallerUserProfile with proper loading state management to prevent profile setup modal flash. Return isLoading that combines actorFetching and query.isLoading, and isFetched that checks both actor availability and query.isFetched. Use authorization component's profile fetching pattern."
        },
        {
          "path": "frontend/src/hooks/useSaveCallerUserProfile.ts",
          "operation": "create",
          "description": "Create mutation hook for saveCallerUserProfile that invalidates the currentUserProfile query cache after successful save."
        },
        {
          "path": "frontend/src/App.tsx",
          "operation": "modify",
          "description": "Integrate ProfileSetupModal and LoginButton. Show ProfileSetupModal when isAuthenticated && !profileLoading && isFetched && userProfile === null. Add authentication state checking before rendering main application content."
        }
      ]
    },
    {
      "id": "REQ-2",
      "summary": "Create Freelancer profile management UI with complete profile editing form",
      "acceptanceCriteria": [
        "Freelancers can create and edit their profiles with all specified fields",
        "Skills are stored as an array of strings",
        "Portfolio links are stored as an array of URLs",
        "Profile picture URL is stored and displayed",
        "Hourly rate is stored as a numeric value",
        "Profile data is retrievable and updateable"
      ],
      "file_operations": [
        {
          "path": "frontend/src/pages/FreelancerProfile.tsx",
          "operation": "create",
          "description": "Create freelancer profile page with edit mode toggle. Display profile fields: bio, skills (array), experienceYears, portfolioLinks (array), hourlyRate, profilePictureUrl. Include edit form with validation for numeric hourly rate and experience years. Use useGetCallerUserProfile and useSaveCallerUserProfile hooks."
        },
        {
          "path": "frontend/src/components/FreelancerProfileForm.tsx",
          "operation": "create",
          "description": "Create reusable form component for freelancer profile editing. Include inputs for bio (textarea), skills (multi-input with add/remove), experienceYears (number), portfolioLinks (multi-input with add/remove for URLs), hourlyRate (number), profilePictureUrl (text input for URL). Add form validation and submit handler."
        },
        {
          "path": "frontend/src/components/SkillsInput.tsx",
          "operation": "create",
          "description": "Create component for managing skills array with add/remove functionality. Display skills as badges/chips with remove buttons. Include input field for adding new skills."
        },
        {
          "path": "frontend/src/components/PortfolioLinksInput.tsx",
          "operation": "create",
          "description": "Create component for managing portfolio links array with add/remove functionality and URL validation. Display links with remove buttons and input for adding new URLs."
        },
        {
          "path": "frontend/src/App.tsx",
          "operation": "modify",
          "description": "Add route for FreelancerProfile page at /profile. Wire route into React Router configuration."
        }
      ]
    },
    {
      "id": "REQ-3",
      "summary": "Build project posting UI for Clients with complete project creation form",
      "acceptanceCriteria": [
        "Clients can create new projects with all required fields",
        "Required skills are stored as an array",
        "Timeline includes start and end dates",
        "Projects have status field (default: Open)",
        "Clients can view their posted projects"
      ],
      "file_operations": [
        {
          "path": "frontend/src/pages/CreateProject.tsx",
          "operation": "create",
          "description": "Create project creation page with form for title, description, budget (number), timeline (start/end dates), and requiredSkills (array). Use createProject backend method. Include form validation and success/error feedback. Redirect to project list after successful creation."
        },
        {
          "path": "frontend/src/hooks/useCreateProject.ts",
          "operation": "create",
          "description": "Create mutation hook for createProject that accepts title, description, budget, timeline, and requiredSkills. Invalidate relevant query caches after successful creation."
        },
        {
          "path": "frontend/src/pages/ClientProjects.tsx",
          "operation": "create",
          "description": "Create page displaying list of projects created by the current client. Fetch projects using backend method. Display project cards with title, status, budget, and timeline. Include link to create new project and links to view each project's details."
        },
        {
          "path": "frontend/src/components/ProjectCard.tsx",
          "operation": "create",
          "description": "Create reusable project card component displaying project summary: title, description excerpt, budget, timeline, status badge, and required skills. Include click handler to navigate to project details."
        },
        {
          "path": "frontend/src/App.tsx",
          "operation": "modify",
          "description": "Add routes for CreateProject at /projects/new and ClientProjects at /my-projects. Wire routes into React Router configuration."
        }
      ]
    },
    {
      "id": "REQ-4",
      "summary": "Implement project browsing and application submission UI for Freelancers",
      "acceptanceCriteria": [
        "Freelancers can browse all Open projects",
        "Freelancers can submit applications to projects",
        "System prevents duplicate applications from the same freelancer to the same project",
        "Applications have status tracking (Pending, Shortlisted, Accepted, Rejected)",
        "Freelancers can view all their applications with current status",
        "Application includes freelancer ID and project ID"
      ],
      "file_operations": [
        {
          "path": "frontend/src/pages/BrowseProjects.tsx",
          "operation": "create",
          "description": "Create project browsing page for freelancers. Display all projects with status 'open'. Show project cards with apply button. Disable apply button if already applied. Use backend methods to fetch projects and check application status."
        },
        {
          "path": "frontend/src/hooks/useApplyToProject.ts",
          "operation": "create",
          "description": "Create mutation hook for applyToProject that accepts projectId. Handle duplicate application errors gracefully. Invalidate application queries after successful application."
        },
        {
          "path": "frontend/src/pages/MyApplications.tsx",
          "operation": "create",
          "description": "Create page displaying freelancer's applications. Show application list with project details, application status badge (Pending/Shortlisted/Accepted/Rejected), and application date. Group or filter by status."
        },
        {
          "path": "frontend/src/components/ApplicationStatusBadge.tsx",
          "operation": "create",
          "description": "Create badge component for displaying application status with color coding: Pending (yellow), Shortlisted (blue), Accepted (green), Rejected (red)."
        },
        {
          "path": "frontend/src/App.tsx",
          "operation": "modify",
          "description": "Add routes for BrowseProjects at /projects and MyApplications at /my-applications. Wire routes into React Router configuration."
        }
      ]
    },
    {
      "id": "REQ-5",
      "summary": "Create application management interface for Clients to review and update application status",
      "acceptanceCriteria": [
        "Clients can view all applications for each of their projects",
        "Application list displays freelancer profile information",
        "Clients can change application status to Shortlisted, Accepted, or Rejected",
        "Status changes are persisted and reflected in freelancer's application tracking"
      ],
      "file_operations": [
        {
          "path": "frontend/src/pages/ProjectApplications.tsx",
          "operation": "create",
          "description": "Create page for clients to view and manage applications for a specific project. Accept projectId as route parameter. Display list of applications with freelancer profile details (name, skills, hourly rate, experience). Include status update controls (buttons/dropdown) for each application."
        },
        {
          "path": "frontend/src/hooks/useUpdateApplicationStatus.ts",
          "operation": "create",
          "description": "Create mutation hook for updateApplicationStatus that accepts applicationId and new status. Invalidate project applications query after successful update."
        },
        {
          "path": "frontend/src/components/ApplicationList.tsx",
          "operation": "create",
          "description": "Create component displaying list of applications with freelancer information. Include status change controls for each application. Show freelancer profile summary with link to full profile."
        },
        {
          "path": "frontend/src/App.tsx",
          "operation": "modify",
          "description": "Add route for ProjectApplications at /projects/:projectId/applications. Wire route into React Router configuration."
        }
      ]
    },
    {
      "id": "REQ-6",
      "summary": "Build messaging interface for Client-Freelancer communication organized by project",
      "acceptanceCriteria": [
        "Clients can send messages to Freelancers who applied to their projects",
        "Freelancers can send messages to Clients for projects they applied to",
        "Messages are organized by conversation (Client-Freelancer-Project combination)",
        "Users can view conversation history",
        "Messages include sender ID, recipient ID, project ID, timestamp, and content"
      ],
      "file_operations": [
        {
          "path": "frontend/src/pages/Messages.tsx",
          "operation": "create",
          "description": "Create messaging page with conversation list sidebar and message thread view. Display conversations grouped by project. Show conversation previews with project name, other participant name, and last message. Highlight unread conversations."
        },
        {
          "path": "frontend/src/pages/Conversation.tsx",
          "operation": "create",
          "description": "Create conversation detail page showing message thread for a specific project and participant. Display messages chronologically with sender identification. Include message input form for sending new messages."
        },
        {
          "path": "frontend/src/hooks/useSendMessage.ts",
          "operation": "create",
          "description": "Create mutation hook for sendMessage that accepts recipient, projectId, messageText, and timestamp. Invalidate message queries after successful send."
        },
        {
          "path": "frontend/src/components/MessageThread.tsx",
          "operation": "create",
          "description": "Create component displaying message thread with messages styled differently for sent vs received. Show timestamps and sender names. Auto-scroll to latest message."
        },
        {
          "path": "frontend/src/components/MessageInput.tsx",
          "operation": "create",
          "description": "Create message input component with textarea and send button. Handle submit with Enter key (Shift+Enter for new line). Clear input after successful send."
        },
        {
          "path": "frontend/src/App.tsx",
          "operation": "modify",
          "description": "Add routes for Messages at /messages and Conversation at /messages/:projectId/:participantId. Wire routes into React Router configuration."
        }
      ]
    },
    {
      "id": "REQ-7",
      "summary": "Create Admin dashboard displaying system analytics",
      "acceptanceCriteria": [
        "Admin can view count of total users broken down by role",
        "Admin can view count of projects broken down by status",
        "Admin can view total number of applications",
        "Dashboard displays aggregated statistics in a clear layout"
      ],
      "file_operations": [
        {
          "path": "frontend/src/pages/AdminDashboard.tsx",
          "operation": "create",
          "description": "Create admin dashboard page with analytics cards displaying total users by role, total projects by status, and total applications. Use getAnalytics backend method. Wrap page with admin-only access guard using the authorization component's hasPermission check."
        },
        {
          "path": "frontend/src/components/StatCard.tsx",
          "operation": "create",
          "description": "Create reusable statistics card component for displaying metric title, value, and optional icon. Style with consistent spacing and borders."
        },
        {
          "path": "frontend/src/components/AccessDenied.tsx",
          "operation": "create",
          "description": "Create access denied screen component shown to unauthorized users attempting to access restricted pages. Include message and link to return to home or login."
        },
        {
          "path": "frontend/src/App.tsx",
          "operation": "modify",
          "description": "Add route for AdminDashboard at /admin. Wire route into React Router configuration. Add admin guard wrapper that checks user role before rendering admin routes."
        }
      ]
    },
    {
      "id": "REQ-8",
      "summary": "Implement Admin user management UI to view and moderate user accounts",
      "acceptanceCriteria": [
        "Admin can view list of all Clients with profile details",
        "Admin can view list of all Freelancers with profile details",
        "Each user account has an active/blocked status field",
        "Admin can toggle user accounts between active and blocked states",
        "Blocked users cannot perform role-specific actions"
      ],
      "file_operations": [
        {
          "path": "frontend/src/pages/AdminUserManagement.tsx",
          "operation": "create",
          "description": "Create admin user management page displaying all users with approval status. Use user-approval component's listApprovals method. Show user table with columns for principal, role, approval status, and actions. Include approve/reject/block controls for each user. Wrap with admin-only access guard."
        },
        {
          "path": "frontend/src/hooks/useSetApproval.ts",
          "operation": "create",
          "description": "Create mutation hook for setApproval (from user-approval component) that accepts user principal and approval status. Invalidate user list query after successful update."
        },
        {
          "path": "frontend/src/components/UserTable.tsx",
          "operation": "create",
          "description": "Create table component for displaying user list with sortable columns. Include filter controls for role and approval status. Show user details and action buttons for each row."
        },
        {
          "path": "frontend/src/App.tsx",
          "operation": "modify",
          "description": "Add route for AdminUserManagement at /admin/users. Wire route into React Router configuration and admin route guard."
        }
      ]
    },
    {
      "id": "REQ-9",
      "summary": "Build Admin project monitoring interface to oversee all projects and applications",
      "acceptanceCriteria": [
        "Admin can view list of all projects across all Clients",
        "Project list displays title, Client, status, and application count",
        "Admin can view applications for any project",
        "Interface provides filtering or search capabilities"
      ],
      "file_operations": [
        {
          "path": "frontend/src/pages/AdminProjectMonitoring.tsx",
          "operation": "create",
          "description": "Create admin project monitoring page displaying all projects with client information, status, and application counts. Include search/filter by title, status, and client. Show expandable details or link to project applications page. Wrap with admin-only access guard."
        },
        {
          "path": "frontend/src/components/ProjectTable.tsx",
          "operation": "create",
          "description": "Create table component for displaying project list with sortable columns. Include filter controls for status. Show project details, client name, and application count for each row."
        },
        {
          "path": "frontend/src/App.tsx",
          "operation": "modify",
          "description": "Add route for AdminProjectMonitoring at /admin/projects. Wire route into React Router configuration and admin route guard."
        }
      ]
    },
    {
      "id": "REQ-10",
      "summary": "Implement project status management UI with assignment workflow",
      "acceptanceCriteria": [
        "Projects support three status values: Open, In Progress, Completed",
        "When a Client accepts an application, the Freelancer is assigned to the project",
        "Project status automatically changes from Open to In Progress when a Freelancer is assigned",
        "Clients can manually update project status to Completed",
        "Assigned Freelancer ID is stored with the project"
      ],
      "file_operations": [
        {
          "path": "frontend/src/pages/ProjectDetails.tsx",
          "operation": "create",
          "description": "Create project details page displaying full project information including title, description, budget, timeline, required skills, status, and assigned freelancer (if any). For clients viewing their own projects, include status update controls (mark as completed). Show applications list with accept/reject controls. Accepting an application automatically assigns the freelancer and updates status to In Progress."
        },
        {
          "path": "frontend/src/components/ProjectStatusBadge.tsx",
          "operation": "create",
          "description": "Create badge component for displaying project status with color coding: Open (blue), In Progress (yellow), Completed (green)."
        },
        {
          "path": "frontend/src/App.tsx",
          "operation": "modify",
          "description": "Add route for ProjectDetails at /projects/:projectId. Wire route into React Router configuration."
        }
      ]
    },
    {
      "id": "REQ-11",
      "summary": "Create Freelancer search and filter UI with multi-criteria filtering",
      "acceptanceCriteria": [
        "Users can filter Freelancers by selecting one or more skills",
        "Users can set minimum and maximum hourly rate to filter results",
        "Users can sort Freelancers by rating",
        "Search returns only Freelancers matching all active filters",
        "Filtered results display relevant Freelancer profile information"
      ],
      "file_operations": [
        {
          "path": "frontend/src/pages/SearchFreelancers.tsx",
          "operation": "create",
          "description": "Create freelancer search page with filter panel and results grid. Use getAllFreelancers backend method and implement client-side filtering by skills (multi-select), hourly rate range (min/max inputs), and sorting by rating. Display freelancer cards with profile summary, skills, hourly rate, and link to full profile."
        },
        {
          "path": "frontend/src/components/FreelancerCard.tsx",
          "operation": "create",
          "description": "Create freelancer card component displaying profile picture, name, skills badges, hourly rate, experience years, and rating. Include link to view full profile. Add consistent styling with hover effects."
        },
        {
          "path": "frontend/src/components/FreelancerFilters.tsx",
          "operation": "create",
          "description": "Create filter panel component with multi-select for skills, range inputs for hourly rate (min/max), and sort dropdown for rating. Include clear filters button. Emit filter changes to parent component."
        },
        {
          "path": "frontend/src/App.tsx",
          "operation": "modify",
          "description": "Add route for SearchFreelancers at /freelancers. Wire route into React Router configuration."
        }
      ]
    },
    {
      "id": "REQ-12",
      "summary": "Build notification system UI for application status changes and new applications",
      "acceptanceCriteria": [
        "Notifications are created when Freelancer application status changes from Pending",
        "Notifications are created when a Client receives a new application",
        "Each notification includes user ID, message text, timestamp, and read/unread status",
        "Users can view their notifications in the UI",
        "Users can mark notifications as read"
      ],
      "file_operations": [
        {
          "path": "frontend/src/components/NotificationBell.tsx",
          "operation": "create",
          "description": "Create notification bell icon component in header showing unread count badge. Use getNotifications backend method. Display dropdown/popover with recent notifications on click. Include mark as read functionality using markNotificationAsRead."
        },
        {
          "path": "frontend/src/hooks/useNotifications.ts",
          "operation": "create",
          "description": "Create query hook for getNotifications that polls periodically (every 30 seconds) to fetch new notifications. Return notifications grouped by read/unread status."
        },
        {
          "path": "frontend/src/hooks/useMarkNotificationAsRead.ts",
          "operation": "create",
          "description": "Create mutation hook for markNotificationAsRead that accepts notificationId. Invalidate notifications query after successful update."
        },
        {
          "path": "frontend/src/pages/Notifications.tsx",
          "operation": "create",
          "description": "Create full notifications page displaying all notifications with timestamps and read status. Include mark all as read button. Group by read/unread. Show notification message and link to related project/application if applicable."
        },
        {
          "path": "frontend/src/App.tsx",
          "operation": "modify",
          "description": "Add NotificationBell component to header layout. Add route for Notifications page at /notifications. Wire route into React Router configuration."
        }
      ]
    },
    {
      "id": "REQ-13",
      "summary": "Implement responsive UI with mobile-first approach across all pages and components",
      "acceptanceCriteria": [
        "All pages and components are fully responsive",
        "UI adapts gracefully to mobile (320px+), tablet (768px+), and desktop (1024px+) breakpoints",
        "Navigation is mobile-friendly (hamburger menu on small screens)",
        "Forms and data tables are usable on mobile devices",
        "Touch targets are appropriately sized for mobile interaction"
      ],
      "file_operations": [
        {
          "path": "frontend/src/components/Layout.tsx",
          "operation": "create",
          "description": "Create main layout component with responsive header containing logo, navigation, notification bell, and login button. Implement mobile-friendly hamburger menu for navigation on small screens. Include responsive sidebar for role-specific navigation. Use Tailwind breakpoints (sm:, md:, lg:) throughout."
        },
        {
          "path": "frontend/src/components/Navigation.tsx",
          "operation": "create",
          "description": "Create navigation component that displays role-appropriate menu items. Use hamburger icon menu for mobile, horizontal menu for desktop. Include active route highlighting. Adapt navigation based on user role (Admin/Client/Freelancer)."
        },
        {
          "path": "frontend/src/components/MobileMenu.tsx",
          "operation": "create",
          "description": "Create mobile menu component with slide-in drawer animation. Display navigation links, user profile summary, and logout button. Include close button and overlay backdrop."
        },
        {
          "path": "frontend/src/App.tsx",
          "operation": "modify",
          "description": "Wrap all routes with Layout component to ensure consistent responsive structure across the application."
        }
      ]
    },
    {
      "id": "REQ-14",
      "summary": "Create cohesive visual design system with professional freelance marketplace aesthetic",
      "acceptanceCriteria": [
        "Application uses a consistent color scheme with primary (teal), secondary (amber), and neutral colors",
        "Typography uses Inter font family with a clear hierarchy (headings, body, captions)",
        "Components share consistent border radius, shadows, and spacing values",
        "Interactive elements have clear hover, active, and focus states",
        "Design conveys professionalism and trustworthiness appropriate for a hiring platform"
      ],
      "file_operations": [
        {
          "path": "frontend/src/index.css",
          "operation": "modify",
          "description": "Configure global styles with Inter font family import from Google Fonts. Define CSS custom properties for consistent spacing scale. Set base typography styles with clear hierarchy for h1-h6, body text, and captions. Ensure smooth transitions for interactive elements."
        },
        {
          "path": "frontend/tailwind.config.js",
          "operation": "modify",
          "description": "Extend Tailwind theme with custom color palette: primary teal shades (teal-50 through teal-900), secondary amber shades (amber-50 through amber-900), and neutral grays. Configure Inter as default font family. Set consistent border radius values (sm: 0.25rem, md: 0.5rem, lg: 0.75rem). Define custom box shadow utilities for cards and elevated elements."
        },
        {
          "path": "frontend/src/components/HeroSection.tsx",
          "operation": "create",
          "description": "Create hero section component for landing/home view. Display hero background image from frontend/public/assets/generated/hero-bg.dim_1920x600.png. Include platform logo from frontend/public/assets/generated/logo-icon.dim_256x256.png, headline, tagline, and call-to-action buttons. Apply teal/amber branding colors and Inter typography. This component attaches to an existing required page rather than creating a new homepage."
        },
        {
          "path": "frontend/src/pages/Landing.tsx",
          "operation": "create",
          "description": "Create landing page for non-authenticated users. Include HeroSection component with platform introduction, key features overview, and prominent login/register call-to-action. Use generated hero-bg.dim_1920x600.png and logo-icon.dim_256x256.png assets. Apply consistent branding and typography."
        },
        {
          "path": "frontend/src/App.tsx",
          "operation": "modify",
          "description": "Add route for Landing page at / (root). Show Landing page to unauthenticated users, redirect authenticated users to role-appropriate dashboard."
        }
      ]
    }
  ]
}