{
  "kind": "spec_vs_diff_report",
  "version": "1.0",
  "generatedAt": "2026-02-23T11:36:29.644Z",
  "summary": "The implementation provides foundational architecture with Internet Identity authentication, user profile management, and admin features. However, significant gaps exist across all major feature areas including project management, applications, messaging, notifications, search/filtering, and UI responsiveness requirements.",
  "missing_requirements": [
    {
      "id": "REQ-1",
      "requirement": "User registration with role selection (Admin, Client, Freelancer)",
      "reason": "Backend stores FreelancerProfile but lacks role selection during registration. No Client or Admin profile types defined. ProfileSetupModal only collects name and bio without role selection.",
      "evidence": [
        "backend/main.mo",
        "frontend/src/components/ProfileSetupModal.tsx"
      ]
    },
    {
      "id": "REQ-2",
      "requirement": "Profile management with years of experience field",
      "reason": "Backend FreelancerProfile has experienceYears field but ProfileSetupModal and profile update UI don't include form fields for experience, skills, portfolio links, or hourly rate editing.",
      "evidence": [
        "frontend/src/components/ProfileSetupModal.tsx",
        "frontend/src/pages/FreelancerProfile.tsx"
      ]
    },
    {
      "id": "REQ-3",
      "requirement": "Project posting system for Clients",
      "reason": "CreateProject page exists but is truncated. No evidence of form implementation for title, description, budget, timeline, required skills, or project creation functionality.",
      "evidence": [
        "frontend/src/pages/CreateProject.tsx"
      ]
    },
    {
      "id": "REQ-3",
      "requirement": "Clients can view their posted projects",
      "reason": "ClientProjects page exists in routing but file content is missing from diff. No implementation visible.",
      "evidence": [
        "frontend/src/App.tsx"
      ]
    },
    {
      "id": "REQ-4",
      "requirement": "Freelancers can browse all Open projects",
      "reason": "BrowseProjects page shows placeholder UI with 'No open projects available' message. No actual project listing or fetching implemented.",
      "evidence": [
        "frontend/src/pages/BrowseProjects.tsx"
      ]
    },
    {
      "id": "REQ-4",
      "requirement": "Freelancers can submit applications to projects",
      "reason": "useApplyToProject hook exists but no UI implementation for applying to projects. ProjectDetails page missing from diff.",
      "evidence": [
        "frontend/src/hooks/useQueries.ts"
      ]
    },
    {
      "id": "REQ-4",
      "requirement": "Freelancers can view all their applications with current status",
      "reason": "MyApplications page exists in routing but file content is missing from diff. No implementation visible.",
      "evidence": [
        "frontend/src/App.tsx"
      ]
    },
    {
      "id": "REQ-5",
      "requirement": "Clients can view all applications for their projects",
      "reason": "ProjectApplications page exists in routing but file content is missing from diff. No implementation visible.",
      "evidence": [
        "frontend/src/App.tsx"
      ]
    },
    {
      "id": "REQ-5",
      "requirement": "Clients can change application status to Shortlisted, Accepted, or Rejected",
      "reason": "useUpdateApplicationStatus hook exists but no UI for status updates. ProjectApplications page missing from diff.",
      "evidence": [
        "frontend/src/hooks/useQueries.ts"
      ]
    },
    {
      "id": "REQ-6",
      "requirement": "Messaging system with conversation threading by project",
      "reason": "Messages and Conversation pages exist in routing but file contents are missing from diff. Backend has Message type and sendMessage function but no UI implementation visible.",
      "evidence": [
        "frontend/src/App.tsx",
        "backend/main.mo"
      ]
    },
    {
      "id": "REQ-7",
      "requirement": "Admin dashboard displaying total users by role",
      "reason": "AdminDashboard shows totalProjects and totalApplications but no user breakdown by role. Analytics type may not include role-based user counts.",
      "evidence": [
        "frontend/src/pages/AdminDashboard.tsx"
      ]
    },
    {
      "id": "REQ-7",
      "requirement": "Admin can view count of projects broken down by status",
      "reason": "AdminDashboard shows only total projects count, not breakdown by Open/In Progress/Completed status.",
      "evidence": [
        "frontend/src/pages/AdminDashboard.tsx"
      ]
    },
    {
      "id": "REQ-8",
      "requirement": "Admin can view list of all Clients with profile details",
      "reason": "AdminUserManagement shows approval list but no separate Client profile listing with details.",
      "evidence": [
        "frontend/src/pages/AdminUserManagement.tsx"
      ]
    },
    {
      "id": "REQ-8",
      "requirement": "Admin can view list of all Freelancers with profile details",
      "reason": "AdminUserManagement shows approval list but no Freelancer profile details view despite useGetAllFreelancers hook existing.",
      "evidence": [
        "frontend/src/pages/AdminUserManagement.tsx"
      ]
    },
    {
      "id": "REQ-8",
      "requirement": "Blocked users cannot perform role-specific actions",
      "reason": "Approval system exists but no evidence of blocked status preventing actions. No enforcement logic visible in backend or frontend.",
      "evidence": [
        "backend/main.mo"
      ]
    },
    {
      "id": "REQ-9",
      "requirement": "Admin project monitoring with filtering or search capabilities",
      "reason": "AdminProjectMonitoring shows placeholder 'No projects' message with no actual project list, filtering, or search functionality.",
      "evidence": [
        "frontend/src/pages/AdminProjectMonitoring.tsx"
      ]
    },
    {
      "id": "REQ-10",
      "requirement": "Clients can manually update project status to Completed",
      "reason": "Backend has updateProjectStatus function but no UI implementation for Clients to change status.",
      "evidence": [
        "backend/main.mo"
      ]
    },
    {
      "id": "REQ-11",
      "requirement": "Freelancer search and filter system with skills, hourly rate, and rating sorting",
      "reason": "SearchFreelancers page exists in routing but file content is missing from diff. No implementation visible.",
      "evidence": [
        "frontend/src/App.tsx"
      ]
    },
    {
      "id": "REQ-12",
      "requirement": "Users can view their notifications in the UI",
      "reason": "Notifications page exists in routing but file content is missing from diff. NotificationBell shows notifications but dedicated page implementation missing.",
      "evidence": [
        "frontend/src/App.tsx"
      ]
    },
    {
      "id": "REQ-13",
      "requirement": "Navigation is mobile-friendly (hamburger menu on small screens)",
      "reason": "Navigation component has Sheet component for mobile menu but uses 'md:hidden' which shows hamburger on medium screens, not truly mobile-first approach for all small screens.",
      "evidence": [
        "frontend/src/components/Navigation.tsx"
      ]
    },
    {
      "id": "REQ-13",
      "requirement": "Forms and data tables are usable on mobile devices",
      "reason": "No evidence of mobile-optimized form layouts or responsive data tables. Tables in AdminUserManagement lack mobile responsive design.",
      "evidence": [
        "frontend/src/pages/AdminUserManagement.tsx"
      ]
    },
    {
      "id": "REQ-14",
      "requirement": "Application uses Inter font family with clear hierarchy",
      "reason": "Inter font imported in index.css and applied to body, but h1/h2/h3 elements defined without specific font sizes in some components, potentially breaking hierarchy.",
      "evidence": [
        "frontend/src/index.css"
      ]
    }
  ],
  "hallucinated_features": [
    {
      "description": "User approval system with pending/approved/rejected status workflow",
      "reason": "BuildRequest specifies 'approve or block user accounts' with active/blocked states, not a pending approval workflow. Implementation uses ApprovalStatus enum with pending/approved/rejected instead of active/blocked.",
      "evidence": [
        "backend/main.mo",
        "frontend/src/pages/AdminUserManagement.tsx"
      ]
    },
    {
      "description": "Footer with social media links (Twitter, LinkedIn, GitHub) and caffeine.ai attribution",
      "reason": "Social media links and external attributions were not requested in BuildRequest or requirements.",
      "evidence": [
        "frontend/src/components/Layout.tsx"
      ]
    },
    {
      "description": "Logo icon image display in header",
      "reason": "While logo-icon.dim_256x256.png was requested in images, displaying it in the header navigation was not specified in UI requirements.",
      "evidence": [
        "frontend/src/components/Layout.tsx"
      ]
    },
    {
      "description": "Dark mode theme support with CSS custom properties",
      "reason": "Dark mode theme variables and styling not requested in design system requirements which only specify warm color palette with teal and amber.",
      "evidence": [
        "frontend/src/index.css"
      ]
    }
  ],
  "confidence": 0.75,
  "changed_files": [
    "all_files_summary.json",
    "backend/main.mo",
    "frontend-file-summaries.txt",
    "frontend/index.css",
    "frontend/index.html",
    "frontend/src/App.tsx",
    "frontend/src/components/AccessDenied.tsx",
    "frontend/src/components/Layout.tsx",
    "frontend/src/components/LoginButton.tsx",
    "frontend/src/components/Navigation.tsx",
    "frontend/src/components/NotificationBell.tsx",
    "frontend/src/components/ProfileSetupModal.tsx",
    "frontend/src/components/ProjectCard.tsx",
    "frontend/src/hooks/useActor.ts",
    "frontend/src/hooks/useGetCallerUserProfile.ts",
    "frontend/src/hooks/useInternetIdentity.ts",
    "frontend/src/hooks/useQueries.ts",
    "frontend/src/hooks/useSaveCallerUserProfile.ts",
    "frontend/src/index.css",
    "frontend/src/main.tsx",
    "frontend/src/pages/AdminDashboard.tsx",
    "frontend/src/pages/AdminProjectMonitoring.tsx",
    "frontend/src/pages/AdminUserManagement.tsx",
    "frontend/src/pages/BrowseProjects.tsx",
    "frontend/src/pages/ClientProjects.tsx",
    "frontend/src/pages/Conversation.tsx",
    "frontend/src/pages/CreateProject.tsx",
    "frontend/src/pages/FreelancerProfile.tsx",
    "frontend/src/pages/Landing.tsx",
    "frontend/src/pages/Messages.tsx",
    "frontend/src/pages/MyApplications.tsx",
    "frontend/src/pages/Notifications.tsx",
    "frontend/src/pages/ProjectApplications.tsx",
    "frontend/src/pages/ProjectDetails.tsx",
    "frontend/src/pages/SearchFreelancers.tsx",
    "frontend/src/utils/urlParams.ts",
    "frontend/tailwind.config.js",
    "project_state.json"
  ]
}